{
    "cluster": {
        "mean": {
            "en_cluster": 282.4285680896307,
            "et_cluster": 90.14630045819597,
            "en_cluster_log": 2.4468442032230079,
            "et_cluster_log": 1.7248420503582383,
            "cluster_eta": 0.013481753592772372,
            "cluster_phi": -0.0006018100037321654,
            "cluster_ieta": 17.834195879402409,
            "cluster_iphi": 134.98303139900666,
            "cluster_iz": 0.006144356667615842,
            "cluster_deta": 0.013148748863480404,
            "cluster_dphi": -0.0002486381100753025,
            "cluster_den_seed": 273.68075591503,
            "cluster_det_seed": 138.43382066805453,
            "en_cluster_calib": 296.92137907688228,
            "et_cluster_calib": 93.05967725137924,
            "en_cluster_calib_log": 2.6010434859968116,
            "et_cluster_calib_log": 1.8790413331320435,
            "cl_f5_r9": 4.4681310540864669,
            "cl_f5_sigmaIetaIeta": 0.01551395402095582,
            "cl_f5_sigmaIetaIphi": -0.000003335207571996976,
            "cl_f5_sigmaIphiIphi": 0.018531554452272227,
            "cl_f5_swissCross": -0.03414057513368005,
            "cl_r9": 0.9772593734242803,
            "cl_sigmaIetaIeta": 0.007708477202885231,
            "cl_sigmaIetaIphi": -7.217550862341687e-7,
            "cl_sigmaIphiIphi": 0.009671467077962407,
            "cl_swissCross": 0.7087936118028181,
            "cl_nxtals": 7.836535343203602,
            "cl_etaWidth": 0.007505592055053007,
            "cl_phiWidth": 0.008147121428862245
        },
        "max": {
            "en_cluster": 4859.79833984375,
            "et_cluster": 579.7015214054233,
            "en_cluster_log": 8.488752222174334,
            "et_cluster_log": 6.362513352812527,
            "cluster_eta": 2.9428815841674806,
            "cluster_phi": 3.141591787338257,
            "cluster_ieta": 100,
            "cluster_iphi": 360,
            "cluster_iz": 1,
            "cluster_deta": 0.2761082649230957,
            "cluster_dphi": 0.6994693279266357,
            "cluster_den_seed": 4849.219972610474,
            "cluster_det_seed": 544.8071164684408,
            "en_cluster_calib": 5234.88623046875,
            "et_cluster_calib": 610.0548255204496,
            "en_cluster_calib_log": 8.56310039058878,
            "et_cluster_calib_log": 6.4135488310309569,
            "cl_f5_r9": 1124.8670654296876,
            "cl_f5_sigmaIetaIeta": 0.10389645397663117,
            "cl_f5_sigmaIetaIphi": 0.005805819295346737,
            "cl_f5_sigmaIphiIphi": 0.1208093985915184,
            "cl_f5_swissCross": 1.0,
            "cl_r9": 1.000000238418579,
            "cl_sigmaIetaIeta": 0.0699351355433464,
            "cl_sigmaIetaIphi": 0.0021196994930505754,
            "cl_sigmaIphiIphi": 0.08638833463191986,
            "cl_swissCross": 1.0,
            "cl_nxtals": 51.0,
            "cl_etaWidth": 0.07436129450798035,
            "cl_phiWidth": 0.1106012612581253
        },
        "min": {
            "en_cluster": 0.23042963445186616,
            "et_cluster": 0.1427416863960322,
            "en_cluster_log": -1.467809736678578,
            "et_cluster_log": -1.9467186710489233,
            "cluster_eta": -2.942840576171875,
            "cluster_phi": -3.141591310501098,
            "cluster_ieta": -85,
            "cluster_iphi": 0,
            "cluster_iz": -1,
            "cluster_deta": -0.1946568489074707,
            "cluster_dphi": -0.699749231338501,
            "cluster_den_seed": -1321.339530467987,
            "cluster_det_seed": -465.2940768463052,
            "en_cluster_calib": 0.2907603979110718,
            "et_cluster_calib": 0.18011458633116698,
            "en_cluster_calib_log": -1.2352557258459629,
            "et_cluster_calib_log": -1.714162039901148,
            "cl_f5_r9": 0.1608569473028183,
            "cl_f5_sigmaIetaIeta": 0.0,
            "cl_f5_sigmaIetaIphi": -0.006815488915890455,
            "cl_f5_sigmaIphiIphi": 0.0,
            "cl_f5_swissCross": -165.38763427734376,
            "cl_r9": 0.13994045555591584,
            "cl_sigmaIetaIeta": 0.0,
            "cl_sigmaIetaIphi": -0.001971842022612691,
            "cl_sigmaIphiIphi": 0.0,
            "cl_swissCross": -2.5116751194000246,
            "cl_nxtals": 1.0,
            "cl_etaWidth": 0.00024449461488984525,
            "cl_phiWidth": 0.0
        },
        "std": {
            "en_cluster": 587.010788327053,
            "et_cluster": 143.4407818195267,
            "en_cluster_log": 3.0259741953921535,
            "et_cluster_log": 2.8307310225475175,
            "cluster_eta": 1.4510646096717333,
            "cluster_phi": 1.8128966844485235,
            "cluster_ieta": 51.77728710506824,
            "cluster_iphi": 105.1218003133699,
            "cluster_iz": 0.5910748998862444,
            "cluster_deta": 0.0541161828436013,
            "cluster_dphi": 0.26042200898532566,
            "cluster_den_seed": 380.1096561371414,
            "cluster_det_seed": 158.01829688177734,
            "en_cluster_calib": 626.9271391599139,
            "et_cluster_calib": 147.49820173757954,
            "en_cluster_calib_log": 2.936299299899045,
            "et_cluster_calib_log": 2.7376233385387804,
            "cl_f5_r9": 20.8373395183538,
            "cl_f5_sigmaIetaIeta": 0.01291513023259648,
            "cl_f5_sigmaIetaIphi": 0.0002257823099598051,
            "cl_f5_sigmaIphiIphi": 0.015123509765282499,
            "cl_f5_swissCross": 3.7975808772189785,
            "cl_r9": 0.05680004106087016,
            "cl_sigmaIetaIeta": 0.009469193460132213,
            "cl_sigmaIetaIphi": 0.00008891386176955621,
            "cl_sigmaIphiIphi": 0.01136853979554135,
            "cl_swissCross": 0.3753338249837745,
            "cl_nxtals": 8.9290447257644,
            "cl_etaWidth": 0.007085286985428272,
            "cl_phiWidth": 0.008047857358817856
        }
    },
    "window": {
        "mean": {
            "max_en_cluster": 731.1928989179597,
            "max_et_cluster": 232.66199348138893,
            "max_deta_cluster": 0.0508166019001155,
            "max_dphi_cluster": 0.24303941774903282,
            "max_den_cluster": 312.2461918764818,
            "max_det_cluster": 144.09618669958085,
            "min_en_cluster": 418.9268191536061,
            "min_et_cluster": 88.55772331601527,
            "min_deta_cluster": 0.0,
            "min_dphi_cluster": 0.0,
            "min_den_cluster": -0.019887887871831657,
            "min_det_cluster": -0.008083465792762033,
            "mean_en_cluster": 533.322608559773,
            "mean_et_cluster": 138.30824227934026,
            "mean_deta_cluster": 0.02274627566511511,
            "mean_dphi_cluster": 0.1162669963373902,
            "mean_den_cluster": 197.85040247031484,
            "mean_det_cluster": 94.34566773625592
        },
        "max": {
            "max_en_cluster": 4859.79833984375,
            "max_et_cluster": 579.7015214054233,
            "max_deta_cluster": 0.2761082649230957,
            "max_dphi_cluster": 0.699749231338501,
            "max_den_cluster": 4849.219972610474,
            "max_det_cluster": 544.8071164684408,
            "min_en_cluster": 4842.97900390625,
            "min_et_cluster": 579.7015214054233,
            "min_deta_cluster": 0.0,
            "min_dphi_cluster": 0.0,
            "min_den_cluster": 0.0,
            "min_det_cluster": 0.0,
            "mean_en_cluster": 4842.97900390625,
            "mean_et_cluster": 579.7015214054233,
            "mean_deta_cluster": 0.17226696014404298,
            "mean_dphi_cluster": 0.5356027080869085,
            "mean_den_cluster": 3247.1689648628237,
            "mean_det_cluster": 456.7338715296239
        },
        "min": {
            "max_en_cluster": 0.7583172917366028,
            "max_et_cluster": 0.758268239508183,
            "max_deta_cluster": 0.0,
            "max_dphi_cluster": 0.0,
            "max_den_cluster": 0.0,
            "max_det_cluster": 0.0,