{
    "cluster": {
        "mean": {
            "en_cluster": 214.0218435101579,
            "et_cluster": 68.35120328340283,
            "en_cluster_log": 2.371381174724119,
            "et_cluster_log": 1.8772451945006015,
            "cluster_eta": 0.01447593433245987,
            "cluster_phi": -0.000582066425070923,
            "cluster_ieta": 18.188927364174487,
            "cluster_iphi": 134.67650875242419,
            "cluster_iz": 0.00434239451627114,
            "cluster_deta": 0.012721504938492473,
            "cluster_dphi": -0.00019080592967679768,
            "cluster_den_seed": 347.20896868195896,
            "cluster_det_seed": 163.0120797487925,
            "cluster_den_seed_log": 3.978001158314911,
            "cluster_det_seed_log": 3.561901256067634,
            "en_cluster_calib": 225.0354680273288,
            "et_cluster_calib": 70.5856101472828,
            "en_cluster_calib_log": 2.469433390273192,
            "et_cluster_calib_log": 1.9529919899623896,
            "cl_f5_r9": 4.298937407177025,
            "cl_f5_sigmaIetaIeta": 0.015875446351331907,
            "cl_f5_sigmaIetaIphi": 0.0000051245634421434718,
            "cl_f5_sigmaIphiIphi": 0.01818034329773841,
            "cl_f5_swissCross": 0.07679781718697572,
            "cl_r9": 0.9817265647129585,
            "cl_sigmaIetaIeta": 0.006172966163332745,
            "cl_sigmaIetaIphi": -3.728075456969911e-7,
            "cl_sigmaIphiIphi": 0.007685575892273674,
            "cl_swissCross": 0.7623512607167328,
            "cl_nxtals": 6.27925394435977,
            "cl_etaWidth": 0.006446321322826295,
            "cl_phiWidth": 0.006731306783890163
        },
        "max": {
            "en_cluster": 4904.732421875,
            "et_cluster": 586.3247208697175,
            "en_cluster_log": 8.4981596823353,
            "et_cluster_log": 6.375577854048058,
            "cluster_eta": 2.9429397583007814,
            "cluster_phi": 3.1415886878967287,
            "cluster_ieta": 100,
            "cluster_iphi": 360,
            "cluster_iz": 1,
            "cluster_deta": 0.277188777923584,
            "cluster_dphi": 0.6996684074401856,
            "cluster_den_seed": 4897.476547241211,
            "cluster_det_seed": 559.7662172064369,
            "cluster_den_seed_log": 8.496679527030297,
            "cluster_det_seed_log": 6.329304093546436,
            "en_cluster_calib": 5367.75390625,
            "et_cluster_calib": 617.5957796944061,
            "en_cluster_calib_log": 8.588351113322523,
            "et_cluster_calib_log": 6.4274520378778849,
            "cl_f5_r9": 1292.093505859375,
            "cl_f5_sigmaIetaIeta": 0.1130041629076004,
            "cl_f5_sigmaIetaIphi": 0.0056986319832503799,
            "cl_f5_sigmaIphiIphi": 0.11732148379087448,
            "cl_f5_swissCross": 2.685777187347412,
            "cl_r9": 1.000000238418579,
            "cl_sigmaIetaIeta": 0.06644539535045624,
            "cl_sigmaIetaIphi": 0.0020813799928873779,
            "cl_sigmaIphiIphi": 0.08652035892009735,
            "cl_swissCross": 1.0,
            "cl_nxtals": 52.0,
            "cl_etaWidth": 0.08598970621824265,
            "cl_phiWidth": 0.11054866760969162
        },
        "min": {
            "en_cluster": 0.2301127314567566,
            "et_cluster": 0.14254532465816639,
            "en_cluster_log": 0.2071058167754347,
            "et_cluster_log": 0.1332585144725615,
            "cluster_eta": -2.942685842514038,
            "cluster_phi": -3.1415886878967287,
            "cluster_ieta": -85,
            "cluster_iphi": 1,
            "cluster_iz": -1,
            "cluster_deta": -0.29087376594543459,
            "cluster_dphi": -0.69968581199646,
            "cluster_den_seed": -1365.6457843780518,
            "cluster_det_seed": -485.7469432715546,
            "cluster_den_seed_log": -999.0,
            "cluster_det_seed_log": -999.0,
            "en_cluster_calib": 0.2874724864959717,
            "et_cluster_calib": 0.17807732174766395,
            "en_cluster_calib_log": 0.25268098361555199,
            "et_cluster_calib_log": 0.16388372123121709,
            "cl_f5_r9": 0.04535258933901787,
            "cl_f5_sigmaIetaIeta": 0.0,
            "cl_f5_sigmaIetaIphi": -0.006021785084158182,
            "cl_f5_sigmaIphiIphi": 0.0,
            "cl_f5_swissCross": -130.48355102539063,
            "cl_r9": 0.1560312807559967,
            "cl_sigmaIetaIeta": 0.0,
            "cl_sigmaIetaIphi": -0.0018346743891015649,
            "cl_sigmaIphiIphi": 0.0,
            "cl_swissCross": -2.624037742614746,
            "cl_nxtals": 1.0,
            "cl_etaWidth": 0.00031577172921970487,
            "cl_phiWidth": 0.0
        },
        "std": {
            "en_cluster": 525.6909835598433,
            "et_cluster": 130.80107672567625,
            "en_cluster_log": 2.478964902182601,
            "et_cluster_log": 2.1706843852990849,
            "cluster_eta": 1.4464935169063454,
            "cluster_phi": 1.8109455666680617,
            "cluster_ieta": 51.45158281407806,
            "cluster_iphi": 105.095582851334,
            "cluster_iz": 0.5925754483489959,
            "cluster_deta": 0.06793688503138709,
            "cluster_dphi": 0.2924525136230455,
            "cluster_den_seed": 450.8073764803906,
            "cluster_det_seed": 160.61237876057528,
            "cluster_den_seed_log": 7.417901247051479,
            "cluster_det_seed_log": 5.519364037571514,
            "en_cluster_calib": 560.7613705045533,
            "et_cluster_calib": 134.51761447894564,
            "en_cluster_calib_log": 2.4477221145120486,
            "et_cluster_calib_log": 2.148097003519282,
            "cl_f5_r9": 21.762594375961745,
            "cl_f5_sigmaIetaIeta": 0.015206187365983394,
            "cl_f5_sigmaIetaIphi": 0.00026263339730043617,
            "cl_f5_sigmaIphiIphi": 0.016785194143783073,
            "cl_f5_swissCross": 3.770127303658982,
            "cl_r9": 0.0527602232605374,
            "cl_sigmaIetaIeta": 0.0090352633757957,
            "cl_sigmaIetaIphi": 0.00008012690605274742,
            "cl_sigmaIphiIphi": 0.010807748091669196,
            "cl_swissCross": 0.35881084803158239,
            "cl_nxtals": 8.350088199514781,
            "cl_etaWidth": 0.006730185396025563,
            "cl_phiWidth": 0.007742590207007312
        }
    },
    "window": {
        "mean": {
            "max_en_cluster": 733.9518747380989,
            "max_et_cluster": 233.61583570798579,
            "max_deta_cluster": 0.07981270281522864,
            "max_dphi_cluster": 0.3345150595030446,
            "max_den_cluster": 449.92213666341538,
            "max_det_cluster": 181.10325229287103,
            "min_en_cluster": 284.01171454780549,
            "min_et_cluster": 52.505779397415938,
            "min_deta_cluster": 0.0,
            "min_dphi_cluster": 0.0,
            "min_den_cluster": -0.018023526878058913,
            "min_det_cluster": -0.006804017698842807,
            "mean_en_cluster": 436.81903329241166,
            "mean_et_cluster": 107.73182787929327,
            "mean_deta_cluster": 0.03651823431149543,
            "mean_dphi_cluster": 0.16015679554090213,
            "mean_den_cluster": 297.11481791880939,
            "mean_det_cluster": 125.8772038109937
        },
        "max": {
            "max_en_cluster": 4904.732421875,
            "max_et_cluster": 586.3247208697175,
            "max_deta_cluster": 0.29087376594543459,
            "max_dphi_cluster": 0.69968581199646,
            "max_den_cluster": 4897.476547241211,
            "max_det_cluster": 559.7662172064369,
            "min_en_cluster": 4829.45654296875,
            "min_et_cluster": 586.3247208697175,
            "min_deta_cluster": 0.0,
            "min_dphi_cluster": 0.0,
            "min_den_cluster": 0.0,
            "min_det_cluster": 0.0,
            "mean_en_cluster": 4829.45654296875,
            "mean_et_cluster": 586.3247208697175,
            "mean_deta_cluster": 0.22019643783569338,