{
    "cluster": {
        "mean": {
            "en_cluster": 162.13221417250663,
            "et_cluster": 51.564671996450787,
            "en_cluster_log": 1.169279952877542,
            "et_cluster_log": 0.4349492746784822,
            "cluster_eta": 0.003145542124867805,
            "cluster_phi": -0.006591194301251101,
            "cluster_ieta": 17.041545161154308,
            "cluster_iphi": 137.03040240882442,
            "cluster_iz": 0.0017962023927647234,
            "cluster_deta": 0.021268574036844593,
            "cluster_dphi": -0.0003119258963339384,
            "cluster_den_seed": 407.76009729330039,
            "cluster_det_seed": 181.69479085543095,
            "en_cluster_calib": 170.41821547687608,
            "et_cluster_calib": 53.25469105272289,
            "en_cluster_calib_log": 1.3590756035804233,
            "et_cluster_calib_log": 0.6247449253813635,
            "cl_f5_r9": 6.0443790650279649,
            "cl_f5_sigmaIetaIeta": 0.016403357167574799,
            "cl_f5_sigmaIetaIphi": 0.000008556448898802174,
            "cl_f5_sigmaIphiIphi": 0.018488197925393778,
            "cl_f5_swissCross": -0.1323039843225324,
            "cl_r9": 0.9776163893554912,
            "cl_sigmaIetaIeta": 0.005921280368566733,
            "cl_sigmaIetaIphi": -5.364419136613563e-7,
            "cl_sigmaIphiIphi": 0.0072460746414828168,
            "cl_swissCross": 0.7724453420710618,
            "cl_nxtals": 6.4994668375343329,
            "cl_etaWidth": 0.006325144166071933,
            "cl_phiWidth": 0.006619220054193301
        },
        "max": {
            "en_cluster": 4890.9814453125,
            "et_cluster": 588.6182448357282,
            "en_cluster_log": 8.495148266893335,
            "et_cluster_log": 6.377777832321572,
            "cluster_eta": 2.942893743515014,
            "cluster_phi": 3.1415905952453615,
            "cluster_ieta": 100,
            "cluster_iphi": 360,
            "cluster_iz": 1,
            "cluster_deta": 0.2770073413848877,
            "cluster_dphi": 0.6997253894805908,
            "cluster_den_seed": 4888.375681400299,
            "cluster_det_seed": 581.1250287233949,
            "en_cluster_calib": 5268.4755859375,
            "et_cluster_calib": 620.011400277946,
            "en_cluster_calib_log": 8.569496337060448,
            "et_cluster_calib_log": 6.429737865415163,
            "cl_f5_r9": 1615.2545166015626,
            "cl_f5_sigmaIetaIeta": 0.11665558069944382,
            "cl_f5_sigmaIetaIphi": 0.00744645344093442,
            "cl_f5_sigmaIphiIphi": 0.12468193471431732,
            "cl_f5_swissCross": 1.0,
            "cl_r9": 1.000000238418579,
            "cl_sigmaIetaIeta": 0.07347405701875687,
            "cl_sigmaIetaIphi": 0.002488369587808847,
            "cl_sigmaIphiIphi": 0.09227612614631652,
            "cl_swissCross": 1.0,
            "cl_nxtals": 58.0,
            "cl_etaWidth": 0.11620592325925829,
            "cl_phiWidth": 0.11614495515823364
        },
        "min": {
            "en_cluster": 0.23000004887580872,
            "et_cluster": 0.09998073510371364,
            "en_cluster_log": -1.469675757555448,
            "et_cluster_log": -2.3027777605161048,
            "cluster_eta": -2.9428422451019289,
            "cluster_phi": -3.1415903568267824,
            "cluster_ieta": -85,
            "cluster_iphi": 0,
            "cluster_iz": -1,
            "cluster_deta": -0.19559907913208009,
            "cluster_dphi": -0.6997480392456055,
            "cluster_den_seed": -1325.444076538086,
            "cluster_det_seed": -466.6501888634835,
            "en_cluster_calib": 0.2873321771621704,
            "et_cluster_calib": 0.12513307965982865,
            "en_cluster_calib_log": -1.2471163207922,
            "et_cluster_calib_log": -2.0783774707255566,
            "cl_f5_r9": 0.24453306198120118,
            "cl_f5_sigmaIetaIeta": 0.0,
            "cl_f5_sigmaIetaIphi": -0.005878312513232231,
            "cl_f5_sigmaIphiIphi": 0.0,
            "cl_f5_swissCross": -195.35903930664066,
            "cl_r9": 0.14336805045604707,
            "cl_sigmaIetaIeta": 0.0,
            "cl_sigmaIetaIphi": -0.0020189457572996618,
            "cl_sigmaIphiIphi": 0.0,
            "cl_swissCross": -2.703162908554077,
            "cl_nxtals": 1.0,
            "cl_etaWidth": 0.0002194522094214335,
            "cl_phiWidth": 0.0
        },
        "std": {
            "en_cluster": 468.82654916384669,
            "et_cluster": 117.42073177070682,
            "en_cluster_log": 2.792519743504711,
            "et_cluster_log": 2.632628040622962,
            "cluster_eta": 1.4660140084999179,
            "cluster_phi": 1.810889773023799,
            "cluster_ieta": 52.36862049128978,
            "cluster_iphi": 105.56379655300215,
            "cluster_iz": 0.5787910576085447,
            "cluster_deta": 0.07089695079476538,
            "cluster_dphi": 0.3042973251702853,
            "cluster_den_seed": 497.668901044552,
            "cluster_det_seed": 159.8273117010928,
            "en_cluster_calib": 499.45828588068266,
            "et_cluster_calib": 120.79219908717272,
            "en_cluster_calib_log": 2.714296345776957,
            "et_cluster_calib_log": 2.5517578006866934,
            "cl_f5_r9": 32.23223108937306,
            "cl_f5_sigmaIetaIeta": 0.015815721370307294,
            "cl_f5_sigmaIetaIphi": 0.00028492548606237584,
            "cl_f5_sigmaIphiIphi": 0.017249872427601274,
            "cl_f5_swissCross": 4.792124767254484,
            "cl_r9": 0.0661237829631802,
            "cl_sigmaIetaIeta": 0.009267996282262012,
            "cl_sigmaIetaIphi": 0.00008464344931998214,
            "cl_sigmaIphiIphi": 0.010886179157111494,
            "cl_swissCross": 0.3626018784405854,
            "cl_nxtals": 9.684394277712404,
            "cl_etaWidth": 0.007229699134590131,
            "cl_phiWidth": 0.008299934230466764
        }
    },
    "window": {
        "mean": {
            "max_en_cluster": 737.3051351466073,
            "max_et_cluster": 233.74290451249108,
            "max_deta_cluster": 0.09731094128855693,
            "max_dphi_cluster": 0.3947257526012112,
            "max_den_cluster": 549.2024894131524,
            "max_det_cluster": 201.95006775555377,
            "min_en_cluster": 188.07686728374643,
            "min_et_cluster": 31.783323234949927,
            "min_deta_cluster": 0.0,
            "min_dphi_cluster": 0.0,
            "min_den_cluster": -0.02577844970846176,
            "min_det_cluster": -0.00951352198739692,
            "mean_en_cluster": 353.3064137121245,
            "mean_et_cluster": 84.24860840017986,
            "mean_deta_cluster": 0.04423205930432896,
            "mean_dphi_cluster": 0.18620302483821739,
            "mean_den_cluster": 383.9729429847744,
            "mean_det_cluster": 149.48478259032386
        },
        "max": {
            "max_en_cluster": 4890.9814453125,
            "max_et_cluster": 588.6182448357282,
            "max_deta_cluster": 0.2770073413848877,
            "max_dphi_cluster": 0.6997480392456055,
            "max_den_cluster": 4888.375681400299,
            "max_det_cluster": 581.1250287233949,
            "min_en_cluster": 4877.224609375,
            "min_et_cluster": 588.6182448357282,
            "min_deta_cluster": 0.0,
            "min_dphi_cluster": 0.0,
            "min_den_cluster": 0.0,
            "min_det_cluster": 0.0,
            "mean_en_cluster": 4877.224609375,
            "mean_et_cluster": 588.6182448357282,
            "mean_deta_cluster": 0.19372433423995973,
            "mean_dphi_cluster": 0.5448844830195109,
            "mean_den_cluster": 3298.3335208415985,
            "mean_det_cluster": 477.1766607628477
        },
        "min": {
            "max_en_cluster": 0.7730012536048889,
            "max_et_cluster": 0.7582461713278978,
            "max_deta_cluster": 0.0,
            "max_dphi_cluster": 0.0,
            "max_den_cluster": 0.0,
            "max_det_cluster": 0.0,