{
    "cluster": {
        "mean": {
            "en_cluster": 23.972647595422939,
            "et_cluster": 7.619704657906293,
            "cluster_eta": 0.002158231899093905,
            "cluster_phi": -0.007814911767441667,
            "cluster_ieta": 18.88519563552484,
            "cluster_iphi": 132.57262446193134,
            "cluster_iz": 0.0009465537863826013,
            "cluster_deta": 0.02311479431315881,
            "cluster_dphi": -0.00021764529050855008,
            "cluster_den_seed": 91.09359368450098,
            "cluster_det_seed": 36.662726455480328,
            "en_cluster_calib": 25.838195587903078,
            "et_cluster_calib": 8.107582306839353,
            "cl_f5_r9": 2.612722624880158,
            "cl_f5_sigmaIetaIeta": 0.01823728498437858,
            "cl_f5_sigmaIetaIphi": 0.00002004260190177208,
            "cl_f5_sigmaIphiIphi": 0.020677203585610618,
            "cl_f5_swissCross": 0.3050992596446521,
            "cl_r9": 0.9887252849756342,
            "cl_sigmaIetaIeta": 0.00496752236405608,
            "cl_sigmaIetaIphi": -9.900839030610557e-8,
            "cl_sigmaIphiIphi": 0.006295511403142612,
            "cl_swissCross": 0.7942610961479603,
            "cl_nxtals": 3.307702804386595,
            "cl_etaWidth": 0.0054749958403268969,
            "cl_phiWidth": 0.0057086852578437
        },
        "max": {
            "en_cluster": 1183.0076904296876,
            "et_cluster": 136.96198580974707,
            "cluster_eta": 2.941591501235962,
            "cluster_phi": 3.141592025756836,
            "cluster_ieta": 100,
            "cluster_iphi": 360,
            "cluster_iz": 1,
            "cluster_deta": 0.2772860527038574,
            "cluster_dphi": 0.6997619310962122,
            "cluster_den_seed": 1180.5940263271332,
            "cluster_det_seed": 136.63958237371879,
            "en_cluster_calib": 1251.4898681640626,
            "et_cluster_calib": 144.89046770462745,
            "cl_f5_r9": 512.7887573242188,
            "cl_f5_sigmaIetaIeta": 0.12146049737930298,
            "cl_f5_sigmaIetaIphi": 0.00840843003243208,
            "cl_f5_sigmaIphiIphi": 0.13380497694015504,
            "cl_f5_swissCross": 1.0,
            "cl_r9": 1.000000238418579,
            "cl_sigmaIetaIeta": 0.07139884680509567,
            "cl_sigmaIetaIphi": 0.0026116410735994579,
            "cl_sigmaIphiIphi": 0.0912608802318573,
            "cl_swissCross": 1.0,
            "cl_nxtals": 40.0,
            "cl_etaWidth": 0.11706306040287018,
            "cl_phiWidth": 0.15761275589466096
        },
        "min": {
            "en_cluster": 0.23000004887580872,
            "et_cluster": 0.09999408181136252,
            "cluster_eta": -2.941399574279785,
            "cluster_phi": -3.1415908336639406,
            "cluster_ieta": -85,
            "cluster_iphi": 1,
            "cluster_iz": -1,
            "cluster_deta": -0.1955726146697998,
            "cluster_dphi": -0.6996694246875208,
            "cluster_den_seed": -435.3024477958679,
            "cluster_det_seed": -88.60029959756919,
            "en_cluster_calib": 0.2873317301273346,
            "et_cluster_calib": 0.12511682004925565,
            "cl_f5_r9": 0.316108763217926,
            "cl_f5_sigmaIetaIeta": 0.0,
            "cl_f5_sigmaIetaIphi": -0.008072178810834885,
            "cl_f5_sigmaIphiIphi": 0.0,
            "cl_f5_swissCross": -144.73077392578126,
            "cl_r9": 0.15715286135673524,
            "cl_sigmaIetaIeta": 0.0,
            "cl_sigmaIetaIphi": -0.002630888484418392,
            "cl_sigmaIphiIphi": 0.0,
            "cl_swissCross": -2.4489481449127199,
            "cl_nxtals": 1.0,
            "cl_etaWidth": 0.000160524359671399,
            "cl_phiWidth": 0.0
        },
        "std": {
            "en_cluster": 79.09554970398794,
            "et_cluster": 19.49694985512543,
            "cluster_eta": 1.514154306863594,
            "cluster_phi": 1.8095009425753142,
            "cluster_ieta": 51.016458050984919,
            "cluster_iphi": 104.68209295529931,
            "cluster_iz": 0.6078570769797387,
            "cluster_deta": 0.07797142448329322,
            "cluster_dphi": 0.3237471349243235,
            "cluster_den_seed": 109.55349234450469,
            "cluster_det_seed": 30.08870959043756,
            "en_cluster_calib": 85.3621394838666,
            "et_cluster_calib": 20.345069012573249,
            "cl_f5_r9": 10.579889717575322,
            "cl_f5_sigmaIetaIeta": 0.018192565590851224,
            "cl_f5_sigmaIetaIphi": 0.00034345080070393775,
            "cl_f5_sigmaIphiIphi": 0.01959727782919252,
            "cl_f5_swissCross": 2.6650427131874925,
            "cl_r9": 0.042096949444634049,
            "cl_sigmaIetaIeta": 0.00869241789896929,
            "cl_sigmaIetaIphi": 0.00008044861586912527,
            "cl_sigmaIphiIphi": 0.010548649331814403,
            "cl_swissCross": 0.3506374918354618,
            "cl_nxtals": 4.532687298422119,
            "cl_etaWidth": 0.006682781341583912,
            "cl_phiWidth": 0.008004149342670592
        }
    },
    "window": {
        "mean": {
            "max_en_cluster": 143.63158316998537,
            "max_et_cluster": 44.85305419750748,
            "max_deta_cluster": 0.12354166478831375,
            "max_dphi_cluster": 0.481439376613738,
            "max_den_cluster": 127.35904953152168,
            "max_det_cluster": 42.41403035934644,
            "min_en_cluster": 16.259807429443666,
            "min_et_cluster": 2.4359090055061118,
            "min_deta_cluster": 0.0,
            "min_dphi_cluster": 0.0,
            "min_den_cluster": -0.012726209019988775,
            "min_det_cluster": -0.0031148326549261288,
            "mean_en_cluster": 47.84907645419213,
            "mean_et_cluster": 11.28481631467069,
            "mean_deta_cluster": 0.05569152187701532,
            "mean_dphi_cluster": 0.22695472550340366,
            "mean_den_cluster": 95.76978050677323,
            "mean_det_cluster": 33.56512305018185
        },
        "max": {
            "max_en_cluster": 1183.0076904296876,
            "max_et_cluster": 136.96198580974707,
            "max_deta_cluster": 0.2772860527038574,
            "max_dphi_cluster": 0.6997619310962122,
            "max_den_cluster": 1180.5940263271332,
            "max_det_cluster": 136.63958237371879,
            "min_en_cluster": 978.4589233398438,
            "min_et_cluster": 113.34411456697612,
            "min_deta_cluster": 0.0,
            "min_dphi_cluster": 0.0,
            "min_den_cluster": 0.0,
            "min_det_cluster": 0.0,
            "mean_en_cluster": 978.4589233398438,
            "mean_et_cluster": 113.34411456697612,
            "mean_deta_cluster": 0.191771936416626,
            "mean_dphi_cluster": 0.5465759648199532,
            "mean_den_cluster": 784.1156383355459,
            "mean_det_cluster": 95.15513926844626
        },
        "min": {
            "max_en_cluster": 0.7554934620857239,
            "max_et_cluster": 0.7552203916893818,
            "max_deta_cluster": 0.0,
            "max_dphi_cluster": 0.0,
            "max_den_cluster": 0.0,
            "max_det_cluster": 0.0,
            "min_en_cluster": 0.23000004887580872,
            "min_et_cluster": 0.09999408181136252,
            "min_deta_cluster": 0.0,
            "min_dphi_cluster": 0.0,
            "min_den_cluster": -435.3024477958679,
            "min_det_cluster": -88.60029959756919,
            "mean_en_cluster": 0.36056580642859145,
            "mean_et_cluster": 0.23887827666789814,
            "mean_deta_cluster": 0.0,
            "mean_dphi_cluster": 0.0,
            "mean_den_cluster": -192.00051069259644,
            "mean_det_cluster": -36.74773356441386
        },
        "std": {
            "max_en_cluster": 152.0804946901551,
            "max_et_cluster": 27.989940132103876,
            "max_deta_cluster": 0.058540456469090968,
            "max_dphi_cluster": 0.17692911391774752,