{
    "cluster": {
        "mean": {
            "en_cluster": 25.142429199515207,
            "et_cluster": 7.990660142490261,
            "cluster_eta": 0.0027104192579129376,
            "cluster_phi": -0.007024130314298923,
            "cluster_ieta": 18.724459559228835,
            "cluster_iphi": 132.98038857243368,
            "cluster_iz": 0.0011830718178510683,
            "cluster_deta": 0.023082036248760097,
            "cluster_dphi": -0.00015769281121118557,
            "cluster_den_seed": 95.91379353482566,
            "cluster_det_seed": 38.608544474544718,
            "en_cluster_calib": 27.074764039507675,
            "et_cluster_calib": 8.493625369603472,
            "cl_f5_r9": 2.691293578705851,
            "cl_f5_sigmaIetaIeta": 0.0183238188233949,
            "cl_f5_sigmaIetaIphi": 0.000020550680331074855,
            "cl_f5_sigmaIphiIphi": 0.020730307961726429,
            "cl_f5_swissCross": 0.28545925751061049,
            "cl_r9": 0.9885199093463393,
            "cl_sigmaIetaIeta": 0.00500535430146681,
            "cl_sigmaIetaIphi": 2.770733857855622e-8,
            "cl_sigmaIphiIphi": 0.006323692059403426,
            "cl_swissCross": 0.7937025985531256,
            "cl_nxtals": 3.3872886748842045,
            "cl_etaWidth": 0.005520855078906022,
            "cl_phiWidth": 0.005757866291123298
        },
        "max": {
            "en_cluster": 1183.0076904296876,
            "et_cluster": 136.96198580974707,
            "cluster_eta": 2.941591501235962,
            "cluster_phi": 3.141592025756836,
            "cluster_ieta": 100,
            "cluster_iphi": 360,
            "cluster_iz": 1,
            "cluster_deta": 0.2772860527038574,
            "cluster_dphi": 0.6997315883636475,
            "cluster_den_seed": 1180.5940263271332,
            "cluster_det_seed": 136.63958237371879,
            "en_cluster_calib": 1251.4898681640626,
            "et_cluster_calib": 144.89046770462745,
            "cl_f5_r9": 512.7887573242188,
            "cl_f5_sigmaIetaIeta": 0.12146049737930298,
            "cl_f5_sigmaIetaIphi": 0.00840843003243208,
            "cl_f5_sigmaIphiIphi": 0.13380497694015504,
            "cl_f5_swissCross": 1.0,
            "cl_r9": 1.000000238418579,
            "cl_sigmaIetaIeta": 0.07139884680509567,
            "cl_sigmaIetaIphi": 0.0026116410735994579,
            "cl_sigmaIphiIphi": 0.0912608802318573,
            "cl_swissCross": 1.0,
            "cl_nxtals": 40.0,
            "cl_etaWidth": 0.11706306040287018,
            "cl_phiWidth": 0.15761275589466096
        },
        "min": {
            "en_cluster": 0.23000004887580872,
            "et_cluster": 0.09999408181136252,
            "cluster_eta": -2.941399574279785,
            "cluster_phi": -3.1415908336639406,
            "cluster_ieta": -85,
            "cluster_iphi": 1,
            "cluster_iz": -1,
            "cluster_deta": -0.1955726146697998,
            "cluster_dphi": -0.6996694246875208,
            "cluster_den_seed": -424.6247863769531,
            "cluster_det_seed": -73.49546712882773,
            "en_cluster_calib": 0.2873317301273346,
            "et_cluster_calib": 0.12511682004925565,
            "cl_f5_r9": 0.316108763217926,
            "cl_f5_sigmaIetaIeta": 0.0,
            "cl_f5_sigmaIetaIphi": -0.008072178810834885,
            "cl_f5_sigmaIphiIphi": 0.0,
            "cl_f5_swissCross": -144.73077392578126,
            "cl_r9": 0.15715286135673524,
            "cl_sigmaIetaIeta": 0.0,
            "cl_sigmaIetaIphi": -0.002630888484418392,
            "cl_sigmaIphiIphi": 0.0,
            "cl_swissCross": -2.4489481449127199,
            "cl_nxtals": 1.0,
            "cl_etaWidth": 0.000160524359671399,
            "cl_phiWidth": 0.0
        },
        "std": {
            "en_cluster": 81.16968281350134,
            "et_cluster": 19.985139138614274,
            "cluster_eta": 1.5127865328282527,
            "cluster_phi": 1.809287796913242,
            "cluster_ieta": 50.9487576190586,
            "cluster_iphi": 104.76315781419672,
            "cluster_iz": 0.6053862115037475,
            "cluster_deta": 0.0780999985075164,
            "cluster_dphi": 0.3238633038166882,
            "cluster_den_seed": 110.78231272159143,
            "cluster_det_seed": 29.812137387401518,
            "en_cluster_calib": 87.60272654837363,
            "et_cluster_calib": 20.85381770698863,
            "cl_f5_r9": 10.879133794146395,
            "cl_f5_sigmaIetaIeta": 0.018206916374384084,
            "cl_f5_sigmaIetaIphi": 0.000342717297046994,
            "cl_f5_sigmaIphiIphi": 0.019561650515824017,
            "cl_f5_swissCross": 2.737931887585665,
            "cl_r9": 0.04228272760809978,
            "cl_sigmaIetaIeta": 0.00871077934839998,
            "cl_sigmaIetaIphi": 0.00008006277713821503,
            "cl_sigmaIphiIphi": 0.010561741794310641,
            "cl_swissCross": 0.3509579243741135,
            "cl_nxtals": 4.628834316752473,
            "cl_etaWidth": 0.006735072598940578,
            "cl_phiWidth": 0.008045878148790162
        }
    },
    "window": {
        "mean": {
            "max_en_cluster": 151.42502428455519,
            "max_et_cluster": 47.304129657594938,
            "max_deta_cluster": 0.10941010332483393,
            "max_dphi_cluster": 0.37663425324019009,
            "max_den_cluster": 134.33894193190467,
            "max_det_cluster": 44.751059222762339,
            "min_en_cluster": 17.082773629284444,
            "min_et_cluster": 2.5523204408119537,
            "min_deta_cluster": -0.0644933863067561,
            "min_dphi_cluster": -0.37711943979069975,
            "min_den_cluster": -0.003308723366081715,
            "min_det_cluster": -0.0007499940206530022,
            "mean_en_cluster": 50.356981456707497,
            "mean_et_cluster": 11.873479760150956,
            "mean_deta_cluster": 0.018620372264651746,
            "mean_dphi_cluster": -0.0002929463806468959,
            "mean_den_cluster": 101.06473410448159,
            "mean_det_cluster": 35.42989990342335
        },
        "max": {
            "max_en_cluster": 1183.0076904296876,
            "max_et_cluster": 136.96198580974707,
            "max_deta_cluster": 0.2772860527038574,
            "max_dphi_cluster": 0.6997315883636475,
            "max_den_cluster": 1180.5940263271332,
            "max_det_cluster": 136.63958237371879,
            "min_en_cluster": 978.4589233398438,
            "min_et_cluster": 113.34411456697612,
            "min_deta_cluster": 0.0,
            "min_dphi_cluster": 0.0,
            "min_den_cluster": 0.0,
            "min_det_cluster": 0.0,
            "mean_en_cluster": 978.4589233398438,
            "mean_et_cluster": 113.34411456697612,
            "mean_deta_cluster": 0.191771936416626,
            "mean_dphi_cluster": 0.5093264579772949,
            "mean_den_cluster": 784.1156383355459,
            "mean_det_cluster": 96.23622601519098
        },
        "min": {
            "max_en_cluster": 0.9267340302467346,
            "max_et_cluster": 0.7944583120949627,
            "max_deta_cluster": 0.0,
            "max_dphi_cluster": 0.0,
            "max_den_cluster": 0.0,
            "max_det_cluster": 0.0,
            "min_en_cluster": 0.23000004887580872,
            "min_et_cluster": 0.09999408181136252,
            "min_deta_cluster": -0.1955726146697998,
            "min_dphi_cluster": -0.6996694246875208,
            "min_den_cluster": -424.6247863769531,
            "min_det_cluster": -73.49546712882773,
            "mean_en_cluster": 0.4491461577514808,
            "mean_et_cluster": 0.2974964528898191,
            "mean_deta_cluster": -0.1401376724243164,
            "mean_dphi_cluster": -0.5053462982177734,
            "mean_den_cluster": -192.00051069259644,
            "mean_det_cluster": -36.74773356441386
        },
        "std": {
            "max_en_cluster": 153.11971103220996,
            "max_et_cluster": 26.929326714178694,