{
    "cluster": {
        "mean": {
            "en_cluster": 18.71498636279881,
            "et_cluster": 5.909916714460879,
            "cluster_eta": -0.004100051354079168,
            "cluster_phi": -0.009830379139120719,
            "cluster_ieta": 19.04049245068605,
            "cluster_iphi": 132.40626834562498,
            "cluster_iz": -0.0014407995480149592,
            "cluster_deta": 0.022105860972348909,
            "cluster_dphi": -0.0002058296395303073,
            "cluster_den_seed": 68.84715530796395,
            "cluster_det_seed": 27.68185703114217,
            "en_cluster_calib": 20.32811272728474,
            "et_cluster_calib": 6.334744230788874,
            "cl_f5_r9": 2.258529852382219,
            "cl_f5_sigmaIetaIeta": 0.018071768817063545,
            "cl_f5_sigmaIetaIphi": 0.000023940236928487757,
            "cl_f5_sigmaIphiIphi": 0.02012450207053982,
            "cl_f5_swissCross": 0.39936925406363679,
            "cl_r9": 0.9898092980305543,
            "cl_sigmaIetaIeta": 0.004823995283118651,
            "cl_sigmaIetaIphi": 0.0000013089109135389324,
            "cl_sigmaIphiIphi": 0.005930635509952633,
            "cl_swissCross": 0.8005600871081768,
            "cl_nxtals": 2.8973939209089005,
            "cl_etaWidth": 0.005554367124374084,
            "cl_phiWidth": 0.005643883083337119
        },
        "max": {
            "en_cluster": 1183.0076904296876,
            "et_cluster": 264.4103068731693,
            "cluster_eta": 2.941591501235962,
            "cluster_phi": 3.141592264175415,
            "cluster_ieta": 100,
            "cluster_iphi": 360,
            "cluster_iz": 1,
            "cluster_deta": 0.2772860527038574,
            "cluster_dphi": 0.6999184489250183,
            "cluster_den_seed": 1180.5940263271332,
            "cluster_det_seed": 264.158293721785,
            "en_cluster_calib": 1251.4898681640626,
            "et_cluster_calib": 274.70680456654949,
            "cl_f5_r9": 512.7887573242188,
            "cl_f5_sigmaIetaIeta": 0.12467516213655472,
            "cl_f5_sigmaIetaIphi": 0.008679400198161602,
            "cl_f5_sigmaIphiIphi": 0.13380497694015504,
            "cl_f5_swissCross": 1.0,
            "cl_r9": 1.000000238418579,
            "cl_sigmaIetaIeta": 0.08169571310281754,
            "cl_sigmaIetaIphi": 0.0028549926355481149,
            "cl_sigmaIphiIphi": 0.0912608802318573,
            "cl_swissCross": 1.0,
            "cl_nxtals": 42.0,
            "cl_etaWidth": 0.132298082113266,
            "cl_phiWidth": 0.15761275589466096
        },
        "min": {
            "en_cluster": 0.23000003397464753,
            "et_cluster": 0.09999408181136252,
            "cluster_eta": -2.941399574279785,
            "cluster_phi": -3.1415927410125734,
            "cluster_ieta": -85,
            "cluster_iphi": 1,
            "cluster_iz": -1,
            "cluster_deta": -0.195756196975708,
            "cluster_dphi": -0.6999041885137558,
            "cluster_den_seed": -903.8624696731569,
            "cluster_det_seed": -106.00168711007489,
            "en_cluster_calib": 0.2873317301273346,
            "et_cluster_calib": 0.12511682004925565,
            "cl_f5_r9": 0.23160529136657716,
            "cl_f5_sigmaIetaIeta": 0.0,
            "cl_f5_sigmaIetaIphi": -0.008995795622467995,
            "cl_f5_sigmaIphiIphi": 0.0,
            "cl_f5_swissCross": -144.73077392578126,
            "cl_r9": 0.15715286135673524,
            "cl_sigmaIetaIeta": 0.0,
            "cl_sigmaIetaIphi": -0.002630888484418392,
            "cl_sigmaIphiIphi": 0.0,
            "cl_swissCross": -2.5840861797332765,
            "cl_nxtals": 1.0,
            "cl_etaWidth": 0.000160524359671399,
            "cl_phiWidth": 0.0
        },
        "std": {
            "en_cluster": 68.8664470129998,
            "et_cluster": 17.033740098202018,
            "cluster_eta": 1.5273451547101927,
            "cluster_phi": 1.80744191515937,
            "cluster_ieta": 49.700399825268529,
            "cluster_iphi": 104.66392238726108,
            "cluster_iz": 0.6094611297169836,
            "cluster_deta": 0.07891912373074293,
            "cluster_dphi": 0.3255551426782348,
            "cluster_den_seed": 101.5571335762913,
            "cluster_det_seed": 29.93369298240234,
            "en_cluster_calib": 74.31817626267253,
            "et_cluster_calib": 17.776987884507748,
            "cl_f5_r9": 9.14708932811145,
            "cl_f5_sigmaIetaIeta": 0.018370736611039576,
            "cl_f5_sigmaIetaIphi": 0.0003511922335147164,
            "cl_f5_sigmaIphiIphi": 0.01968341155031284,
            "cl_f5_swissCross": 2.323096828370114,
            "cl_r9": 0.040907566365028017,
            "cl_sigmaIetaIeta": 0.008702926477825696,
            "cl_sigmaIetaIphi": 0.00008234427036618689,
            "cl_sigmaIphiIphi": 0.010240066964553924,
            "cl_swissCross": 0.3477139111573611,
            "cl_nxtals": 4.024711355733849,
            "cl_etaWidth": 0.007108644326270216,
            "cl_phiWidth": 0.008282646316947669
        }
    },
    "window": {
        "mean": {
            "max_en_cluster": 108.19994895514064,
            "max_et_cluster": 33.573953943426939,
            "max_deta_cluster": 0.10818940398409303,
            "max_dphi_cluster": 0.37398147824181357,
            "max_den_cluster": 95.04664444362412,
            "max_det_cluster": 31.547280907895229,
            "min_en_cluster": 12.578581479109511,
            "min_et_cluster": 1.9074821602723944,
            "min_deta_cluster": -0.06577421611702548,
            "min_dphi_cluster": -0.3745098349079193,
            "min_den_cluster": -0.5747230324070334,
            "min_det_cluster": -0.11919087525930378,
            "mean_en_cluster": 36.4473080287534,
            "mean_et_cluster": 8.557128228531998,
            "mean_deta_cluster": 0.017523854435539996,
            "mean_dphi_cluster": -0.000281576117311257,
            "mean_den_cluster": 71.17791789398022,
            "mean_det_cluster": 24.89763483963563
        },
        "max": {
            "max_en_cluster": 1183.0076904296876,
            "max_et_cluster": 264.4103068731693,
            "max_deta_cluster": 0.2772860527038574,
            "max_dphi_cluster": 0.6999184489250183,
            "max_den_cluster": 1180.5940263271332,
            "max_det_cluster": 264.158293721785,
            "min_en_cluster": 978.4589233398438,
            "min_et_cluster": 114.67300205570705,
            "min_deta_cluster": 0.0,
            "min_dphi_cluster": 0.0,
            "min_den_cluster": 0.0,
            "min_det_cluster": 0.0,
            "mean_en_cluster": 978.4589233398438,
            "mean_et_cluster": 114.67300205570705,
            "mean_deta_cluster": 0.19598894119262698,
            "mean_dphi_cluster": 0.5191801071166993,
            "mean_den_cluster": 925.9710574041712,
            "mean_det_cluster": 239.36372228384836
        },
        "min": {
            "max_en_cluster": 0.8431644439697266,
            "max_et_cluster": 0.7944583120949627,
            "max_deta_cluster": 0.0,
            "max_dphi_cluster": 0.0,
            "max_den_cluster": 0.0,
            "max_det_cluster": 0.0,
            "min_en_cluster": 0.23000003397464753,
            "min_et_cluster": 0.09999408181136252,
            "min_deta_cluster": -0.195756196975708,
            "min_dphi_cluster": -0.6999041885137558,
            "min_den_cluster": -903.8624696731569,
            "min_det_cluster": -106.00168711007489,
            "mean_en_cluster": 0.42087372690439225,
            "mean_et_cluster": 0.27973469968716838,
            "mean_deta_cluster": -0.14419260025024414,
            "mean_dphi_cluster": -0.5153474230319262,
            "mean_den_cluster": -423.69675731658938,
            "mean_det_cluster": -48.60040626634133
        },
        "std": {
            "max_en_cluster": 142.70564350988935,
            "max_et_cluster": 30.19179754416279,